TALENTMAP_API_USER.SYS_C004070573


TALENTMAP_API_USER.SYS_C004070527


TALENTMAP_API_USER.SYS_C004070608


TALENTMAP_API_USER.SYS_C004070532


select table_name from dba_constraints where constraint_name in ('SYS_C004070573','SYS_C004070527','SYS_C004070608','SYS_C004070532');


SQL> select table_name from dba_constraints where constraint_name in ('SYS_C004070573','SYS_C004070527','SYS_C004070608','SYS_C004070532');

TABLE_NAME
--------------------------------------------------------------------------------
USER_PROFILE_SAVEDSEARCH
AUTH_USER
AUTH_USER_GROUPS
FEATURE_FLAGS_FEATUREFLAGS

SQL>SELECT 
TALENTMAP_API_USER.AUTH_USER_SQ.nextval FROM DUAL;


SQL> SELECT
TALENTMAP_API_USER.AUTH_USER_SQ.nextval FROM DUAL  2
  3  ;

   NEXTVAL
----------
       857

SQL> SELECT MIN(ID),MAX(ID) FROM TALENTMAP_API_USER.AUTH_USER;

   MIN(ID)    MAX(ID)
---------- ----------
         1      11197

SQL>



ALTER SEQUENCE TALENTMAP_API_USER.AUTH_USER_SQ INCREMENT BY 10340;


select TALENTMAP_API_USER.STATS_LOGININSTANCE_SQ.nextval from dual;


ALTER SEQUENCE TALENTMAP_API_USER.STATS_LOGININSTANCE_SQ INCREMENT BY 1;




SELECT MIN(ID),MAX(ID) FROM TALENTMAP_API_USER.USER_PROFILE_SAVEDSEARCH;
select TALENTMAP_API_USER.USER_PROFILE_SAVEDSEARCH_SQ.nextval FROM DUAL;
ALTER SEQUENCE TALENTMAP_API_USER.USER_PROFILE_SAVEDSEARCH_SQ INCREMENT BY 4848;



SELECT MIN(ID),MAX(ID) FROM TALENTMAP_API_USER.AUTH_USER_GROUPS;
ALTER SEQUENCE TALENTMAP_API_USER.AUTH_USER_GROUPS_SQ INCREMENT BY 7192;

FEATURE_FLAGS_FEATUREFLAGS
SELECT MIN(ID),MAX(ID) FROM TALENTMAP_API_USER.FEATURE_FLAGS_FEATUREFLAGS;
select TALENTMAP_API_USER.FEATURE_FLAGS_FEATUREFLAGS_SQ.nextval FROM DUAL;


AVAILABLE_POSITIONS_AVAILAF1AD





TEXT
--------------------------------------------------------------------------------
TRIGGER "AVAILABLE_POSITIONS_AVAD1D9_TR"
BEFORE INSERT ON "AVAILABLE_POSITIONS_AVAILAF1AD"
FOR EACH ROW
 WHEN (new."ID" IS NULL) BEGIN
        SELECT "AVAILABLE_POSITIONS_AVAD1D9_SQ".nextval
        INTO :new."ID" FROM dual;
    END;


8 rows selected.

SQL>

SELECT MIN(ID),MAX(ID) FROM TALENTMAP_API_USER.AVAILABLE_POSITIONS_AVAILAF1AD;
ALTER SEQUENCE TALENTMAP_API_USER.AVAILABLE_POSITIONS_AVAD1D9_SQ INCREMENT BY 32370;






TRIGGER_NAME                             TABLE_NAME                     STATUS
---------------------------------------- ------------------------------ --------------------
ADMINISTRATION_ABOUTPAGE_TR              ADMINISTRATION_ABOUTPAGE       ENABLED
ADMINISTRATION_HOMEPAGE098B_TR           ADMINISTRATION_HOMEPAGEBANNER  ENABLED
AUTH_GROUP_TR                            AUTH_GROUP                     ENABLED
AUTH_GROUP_PERMISSIONS_TR                AUTH_GROUP_PERMISSIONS         ENABLED
AUTH_PERMISSION_TR                       AUTH_PERMISSION                ENABLED
AUTH_USER_TR                             AUTH_USER                      ENABLED
AUTH_USER_GROUPS_TR                      AUTH_USER_GROUPS               ENABLED
AUTH_USER_USER_PERMISSIONS_TR            AUTH_USER_USER_PERMISSIONS     ENABLED
AVAILABLE_POSITIONS_AVAB6F6_TR           AVAILABLE_POSITIONS_AVAILADF6D ENABLED
AVAILABLE_POSITIONS_AVAD1D9_TR           AVAILABLE_POSITIONS_AVAILAF1AD ENABLED
AVAILABLE_TANDEM_AVAILA7364_TR           AVAILABLE_TANDEM_AVAILABLE74A1 ENABLED
DJANGO_ADMIN_LOG_TR                      DJANGO_ADMIN_LOG               ENABLED
DJANGO_CONTENT_TYPE_TR                   DJANGO_CONTENT_TYPE            ENABLED
DJANGO_MIGRATIONS_TR                     DJANGO_MIGRATIONS              ENABLED
FEATURE_FLAGS_FEATUREFLAGS_TR            FEATURE_FLAGS_FEATUREFLAGS     ENABLED
GLOSSARY_GLOSSARYENTRY_TR                GLOSSARY_GLOSSARYENTRY         ENABLED
MESSAGING_NOTIFICATION_TR                MESSAGING_NOTIFICATION         ENABLED
ORGANIZATION_OBC_TR                      ORGANIZATION_OBC               ENABLED
POSITION_CLASSIFICATION_TR               POSITION_CLASSIFICATION        ENABLED
POSITION_GRADE_TR                        POSITION_GRADE                 ENABLED
POSITION_SKILL_TR                        POSITION_SKILL                 ENABLED
POSITION_SKILLCONE_TR                    POSITION_SKILLCONE             ENABLED
PROJECTED_TANDEM_PROJEC1977_TR           PROJECTED_TANDEM_PROJECTEDCDB1 ENABLED
PROJECTED_VACANCIES_PROE50A_TR           PROJECTED_VACANCIES_PROJEC9454 ENABLED
STATS_LOGININSTANCE_TR                   STATS_LOGININSTANCE            ENABLED
STATS_VIEWPOSITIONINSTANCE_TR            STATS_VIEWPOSITIONINSTANCE     ENABLED
USER_PROFILE_SAVEDSEARCH_TR              USER_PROFILE_SAVEDSEARCH       ENABLED
USER_PROFILE_USERPROFILE_TR              USER_PROFILE_USERPROFILE       ENABLED

28 rows selected.

SQL>


